PROFILE_TEXT,OCCUPATIONAL CATEGORY,LABEL
high school graduate production helper production helper no experience,Production and Manufacturing,1
high school graduate cashier service crew computer literate food preparer,Warehouse and Logistics,0
4th year college level bottle sorter bottle sorter cashier,Warehouse and Logistics,0
2nd year college level service crew computer literate domestic chores production worker,Sales/Service/Retail,2
high school graduate bottle sorter computer literate quality analyst,Warehouse and Logistics,0
1st year college level service crew service crew housekeeper private,Sales/Service/Retail,2
grade xii for k to 12 production helper production helper no experience,Production and Manufacturing,1
2nd year college level service crew log sorter bagger service crew log sorter bagger production helper,Warehouse and Logistics,0
high school graduate sales associate professional merchandiser bagger computer literate painter artist no experience,Production and Manufacturing,1
high school graduate production worker production worker no experience,Production and Manufacturing,1
high school graduate warehouse helper warehouse helper no experience,Warehouse and Logistics,0
college graduate office clerk customer service assistant driving plumbing handicraft worker gov,Warehouse and Logistics,0
high school graduate production worker production worker building painter,Sales/Service/Retail,2
high school graduate warehouse helper domestic chores no experience,Warehouse and Logistics,0
high school graduate service crew domestic chores no experience,Sales/Service/Retail,2
college graduate service crew salesman bagger production worker computer literate domestic chores sales clerk,Warehouse and Logistics,0
2nd year college level customer service assistant bottle sorter computer literate domestic chores cashier,Warehouse and Logistics,0
vocational graduate production worker production worker no experience,Production and Manufacturing,1
1st year college level bottle sorter bottle sorter data encoder cook general clicker cutter machine,Warehouse and Logistics,0
high school graduate bottle sorter bottle sorter clicker cutter machine,Warehouse and Logistics,0
college graduate administrative officer computer literate painter artist engine cadet,Warehouse and Logistics,0
grade xi for k to 12 mail sorter mail sorter telemarketer,Warehouse and Logistics,0
3rd year college level warehouse helper warehouse helper no experience,Warehouse and Logistics,0
vocational undergraduate warehouse helper warehouse helper production worker,Warehouse and Logistics,0
college graduate merchandiser computer literate no experience,Sales/Service/Retail,2
high school graduate bottle sorter sewing dresses scanner data,Warehouse and Logistics,0
high school graduate warehouse helper warehouse helper production worker,Warehouse and Logistics,0
high school graduate service crew service crew service crew,Sales/Service/Retail,2
college graduate bagger computer literate no experience,Clerical and Administrative,3
college graduate sales associate professional computer literate no experience,Sales/Service/Retail,2
1st year college level bottle sorter photography bottle sorter,Warehouse and Logistics,0
high school graduate bottle sorter bottle sorter no experience,Warehouse and Logistics,0
2nd year college level production worker computer literate driving stock clerk,Sales/Service/Retail,2
4th year high school grade x for k to 12 production helper production helper no experience,Production and Manufacturing,1
college graduate marketing staff accounting clerk storekeeper computer literate domestic chores no experience,Production and Manufacturing,1
high school graduate production worker production worker domestic helper,Production and Manufacturing,1
high school graduate mail sorter mail sorter checker,Warehouse and Logistics,0
high school graduate service crew production worker computer literate no experience,Warehouse and Logistics,0
college graduate service crew computer literate domestic chores operations officer,Sales/Service/Retail,2
college graduate safety officer human resource development clerk computer literate domestic chores no experience,Production and Manufacturing,1
high school graduate bottle sorter bottle sorter service crew service crew,Warehouse and Logistics,0
4th year college level bottle sorter domestic chores gardening photography sales associate professional,Warehouse and Logistics,0
1st year college level storeroom clerk kitchen crew production worker plumbing dishwasher,Warehouse and Logistics,0
college graduate bottle sorter computer literate no experience,Warehouse and Logistics,0
1st year college level warehouse helper computer literate domestic chores call center agent,Warehouse and Logistics,0
4th year college level bottle sorter bottle sorter no experience,Warehouse and Logistics,0
college graduate inventory clerk stock clerk computer literate driving painter artist administration manager,Warehouse and Logistics,0
college graduate office clerk warehouse helper sewing dresses domestic chores gardening baking cooking no experience,Warehouse and Logistics,0
high school graduate enumerator enumerator no experience,Clerical and Administrative,3
high school graduate bottle sorter computer literate merchandiser,Warehouse and Logistics,0
3rd year college level service crew bottle sorter computer literate no experience,Warehouse and Logistics,0
high school graduate mail sorter mail sorter no experience,Warehouse and Logistics,0
3rd year college level domestic helper production worker domestic helper production worker no experience,Warehouse and Logistics,0
high school graduate sales clerk sales clerk cashier,Production and Manufacturing,1
high school graduate bottle sorter beautician no experience,Warehouse and Logistics,0
vocational graduate sales associate professional sales clerk sales associate professional sales clerk gasoline pump boy,Sales/Service/Retail,2
1st year college level office cleaner office cleaner no experience,Clerical and Administrative,3
college graduate service crew computer literate no experience,Sales/Service/Retail,2
high school graduate service crew computer literate no experience,Sales/Service/Retail,2
grade xii for k to 12 utility worker utility worker no experience,Sales/Service/Retail,2
vocational undergraduate bottle sorter production worker computer literate sewing dresses tailoring beautician enumerator,Warehouse and Logistics,0
1st year college level bottle sorter computer literate carpentry work no experience,Warehouse and Logistics,0
2nd year college level bottle sorter welder no experience,Warehouse and Logistics,0
1st year college level bottle sorter bottle sorter no experience,Warehouse and Logistics,0
high school graduate bottle sorter production worker computer literate data encoder,Warehouse and Logistics,0
1st year college level service crew computer literate receptionist general,Sales/Service/Retail,2
college graduate office clerk computer literate no experience,Sales/Service/Retail,2
vocational graduate enumerator data encoder cashier bottle sorter production worker computer literate assistant registration officer gov cashier,Warehouse and Logistics,0
1st year college level service crew computer literate no experience,Sales/Service/Retail,2
vocational graduate service crew computer literate service crew,Sales/Service/Retail,2
college graduate janitress bagger production worker domestic chores assistant secretary,Production and Manufacturing,1
vocational undergraduate warehouse helper warehouse helper security guard,Warehouse and Logistics,0
grade xii for k to 12 service crew computer literate domestic chores no experience,Sales/Service/Retail,2
4th year college level human resource development clerk store helper production worker computer literate domestic chores private tutor,Warehouse and Logistics,0
grade xi for k to 12 bottle sorter bottle sorter no experience,Warehouse and Logistics,0
college graduate customer service assistant sales clerk customer service assistant sales clerk no experience,Warehouse and Logistics,0
college graduate data encoder office clerk food repacker computer literate office clerk,Sales/Service/Retail,2
2nd year college level warehouse helper computer literate domestic chores no experience,Warehouse and Logistics,0
grade xii for k to 12 cashier service crew computer literate sales clerk,Sales/Service/Retail,2
high school graduate warehouse helper warehouse helper production worker,Warehouse and Logistics,0
high school graduate bottle sorter bottle sorter surface mount technology machine operator,Warehouse and Logistics,0
3rd year college level hotel housekeeping attendant production helper domestic chores production helper,Warehouse and Logistics,0
high school graduate saleslady saleslady sales clerk,Warehouse and Logistics,0
high school graduate domestic helper domestic chores domestic helper,Production and Manufacturing,1
college graduate data encoder store helper computer literate problem solving adaptibility collaboration strong workethic time management critical thinking accounts officer,Sales/Service/Retail,2
2nd year college level warehouse helper painter artist no experience,Warehouse and Logistics,0
2nd year college level bottle sorter computer literate no experience,Warehouse and Logistics,0
high school graduate forklift operator forklift operator guidance coordinator i gov,Warehouse and Logistics,0
high school graduate bottle sorter bottle sorter shop assistant,Warehouse and Logistics,0
2nd year college level service crew computer literate formal service waiter,Sales/Service/Retail,2
vocational graduate merchandiser merchandiser no experience,Warehouse and Logistics,0
3rd year college level cashier computer literate treasury assistant,Sales/Service/Retail,2
college graduate production worker production worker no experience,Production and Manufacturing,1
college graduate kitchen helper bottle sorter computer literate domestic chores no experience,Warehouse and Logistics,0
high school graduate cashier service crew computer literate sales associate professional,Sales/Service/Retail,2
3rd year college level bottle sorter production worker domestic chores no experience,Warehouse and Logistics,0
2nd year college level cashier computer literate embroidery domestic chores cashier,Sales/Service/Retail,2
grade xii for k to 12 production worker production worker no experience,Production and Manufacturing,1
grade xii for k to 12 service crew production worker computer literate service crew,Production and Manufacturing,1
1st year high school grade vii for k to 12 production helper production helper no experience,Production and Manufacturing,1
high school graduate cashier bottle sorter domestic chores cook general sales clerk,Warehouse and Logistics,0
vocational graduate mail sorter production worker mail sorter production worker no experience,Warehouse and Logistics,0
4th year high school grade x for k to 12 bottle sorter bottle sorter no experience,Warehouse and Logistics,0
grade xii for k to 12 cashier cashier waitress,Warehouse and Logistics,0
1st year college level sales clerk sales clerk sales clerk,Warehouse and Logistics,0
3rd year college level receptionist general customer service assistant sales clerk computer literate service crew,Warehouse and Logistics,0
2nd year college level production worker production worker secretary general,Production and Manufacturing,1
college graduate office clerk office clerk office clerk,Production and Manufacturing,1
grade xii for k to 12 service crew service crew no experience,Sales/Service/Retail,2
college graduate service crew utility worker production worker painting jobs embroidery domestic chores painter artist domestic helper,Production and Manufacturing,1
college graduate bottle sorter bottle sorter no experience,Warehouse and Logistics,0
3rd year college level service crew computer literate domestic chores production worker,Sales/Service/Retail,2
high school graduate mail sorter mail sorter mail sorter,Warehouse and Logistics,0
high school graduate warehouse clerk warehouse clerk reproduction machine operator,Production and Manufacturing,1
vocational graduate bottle sorter domestic chores promo salesperson domestic helper,Warehouse and Logistics,0
2nd year college level cashier store helper cashier store helper no experience,Sales/Service/Retail,2
2nd year college level bottle sorter driving auto mechanic no experience,Warehouse and Logistics,0
college graduate administrative assistant administrative assistant no experience,Clerical and Administrative,3
high school graduate bottle sorter bottle sorter hand packer,Warehouse and Logistics,0
high school graduate warehouse helper warehouse helper cashier,Warehouse and Logistics,0
2nd year college level service crew salesman service crew salesman sanitation inspector i gov,Sales/Service/Retail,2
4th year college level warehouse helper warehouse helper no experience,Warehouse and Logistics,0
college graduate bottle sorter computer literate export import letters of credit assistant i gov administrative assistant administrative assistant,Warehouse and Logistics,0
2nd year college level inventory clerk painting jobs painter artist office clerk,Sales/Service/Retail,2
1st year college level bottle sorter online selling agent beautician,Warehouse and Logistics,0
high school graduate warehouse helper domestic chores saleslady,Warehouse and Logistics,0
college graduate social worker general computer literate domestic chores gardening no experience,Warehouse and Logistics,0
college graduate warehouse helper warehouse helper no experience,Warehouse and Logistics,0
elementary graduate construction laborer driving carpentry work no experience,Warehouse and Logistics,0
vocational graduate utility worker utility worker forklift operator,Sales/Service/Retail,2
college graduate office clerk computer literate no experience,Production and Manufacturing,1
2nd year college level service crew welder production worker service crew welder production worker production worker,Sales/Service/Retail,2
2nd year college level production worker production worker no experience,Production and Manufacturing,1
college graduate production worker computer literate driving domestic chores no experience,Production and Manufacturing,1
3rd year college level office clerk service crew office clerk service crew no experience,Sales/Service/Retail,2
high school graduate service crew kitchen crew embroidery gardening hotel cleaner,Sales/Service/Retail,2
4th year high school grade x for k to 12 service crew computer literate painting jobs gardening service crew,Production and Manufacturing,1
high school graduate sales clerk production worker sales clerk production worker no experience,Production and Manufacturing,1
high school graduate bagger bagger no experience,Sales/Service/Retail,2
1st year college level office clerk cashier service crew field interviewer domestic helper production worker domestic chores domestic helper,Sales/Service/Retail,2
high school graduate accounts officer office clerk accounts officer office clerk no experience,Clerical and Administrative,3
1st year college level service crew service crew production worker,Sales/Service/Retail,2
college graduate bagger computer literate bagger,Production and Manufacturing,1
grade xii for k to 12 warehouseman production helper warehouseman production helper no experience,Warehouse and Logistics,0
college graduate cashier computer literate cashier service crew,Sales/Service/Retail,2
high school graduate service crew service crew store manager,Clerical and Administrative,3
high school graduate sales representative i gov data encoder sales representative i gov data encoder cashier,Clerical and Administrative,3
college graduate human resource development clerk bagger computer literate no experience,Warehouse and Logistics,0
5th year college level cashier service crew sales clerk computer literate no experience,Sales/Service/Retail,2
high school graduate cashier sales clerk cashier sales clerk sales clerk,Sales/Service/Retail,2
college graduate security guard computer literate no experience,Sales/Service/Retail,2
college graduate office clerk cashier computer literate cashier timekeeper,Clerical and Administrative,3
college graduate accounting clerk computer literate no experience,Warehouse and Logistics,0
college graduate customer service assistant hotel housekeeping attendant customer service assistant hotel housekeeping attendant no experience,Sales/Service/Retail,2
2nd year college level hotel housekeeping attendant production worker computer literate driving domestic chores no experience,Production and Manufacturing,1
high school graduate warehouse clerk production helper warehouse clerk production helper purchasing clerk,Production and Manufacturing,1
1st year college level stock clerk sales clerk stock clerk sales clerk checker,Sales/Service/Retail,2
4th year high school grade x for k to 12 receptionist general service crew auto mechanic photography painter artist no experience,Sales/Service/Retail,2
college graduate technical assistant technical assistant liaison officer,Sales/Service/Retail,2
high school graduate service crew service crew no experience,Clerical and Administrative,3
high school graduate service crew service crew cashier,Sales/Service/Retail,2
high school graduate quality assurance staff cashier service crew production worker electrician quality control assurance officer,Sales/Service/Retail,2
high school graduate welder welder no experience,Production and Manufacturing,1
college graduate office clerk office clerk no experience,Warehouse and Logistics,0
high school graduate sales associate professional sales associate professional sales associate professional,Production and Manufacturing,1
high school graduate service crew domestic chores housekeeper hotel and resorts,Sales/Service/Retail,2
4th year high school grade x for k to 12 hotel housekeeping attendant service crew domestic chores hotel receptionist,Sales/Service/Retail,2
grade xii for k to 12 cashier merchandiser cashier merchandiser no experience,Sales/Service/Retail,2
3rd year college level service crew service crew no experience,Sales/Service/Retail,2
grade xii for k to 12 production helper computer literate no experience,Production and Manufacturing,1
2nd year college level office clerk office clerk no experience,Clerical and Administrative,3
college graduate production worker production worker electrical helper,Production and Manufacturing,1
2nd year college level audit assistant office clerk call center agent service crew sales clerk production worker computer literate no experience,Sales/Service/Retail,2
high school graduate service crew driving butcher general,Sales/Service/Retail,2
high school graduate service crew sales clerk computer literate production worker,Sales/Service/Retail,2
1st year college level service crew kitchen crew service crew kitchen crew no experience,Production and Manufacturing,1
4th year college level barista beautician domestic chores service crew,Sales/Service/Retail,2
high school graduate service crew service crew no experience,Sales/Service/Retail,2
college graduate food and beverage manager food and beverage manager no experience,Sales/Service/Retail,2
college graduate office clerk office clerk no experience,Sales/Service/Retail,2
high school graduate service crew service crew bagger,Sales/Service/Retail,2
1st year college level office clerk computer literate log sorter,Sales/Service/Retail,2
4th year college level customer service assistant call center agent carpentry work masonry painting jobs embroidery domestic chores gardening no experience,Sales/Service/Retail,2
college graduate technical support staff computer literate no experience,Production and Manufacturing,1
1st year high school grade vii for k to 12 production worker production worker no experience,Production and Manufacturing,1
high school graduate delivery helper delivery helper no experience,Warehouse and Logistics,0
college graduate storekeeper computer literate cashier,Sales/Service/Retail,2
vocational graduate merchandiser gardening merchandiser,Sales/Service/Retail,2
1st year college level promo salesperson computer literate no experience,Sales/Service/Retail,2
college graduate hotel housekeeping attendant domestic chores no experience,Sales/Service/Retail,2
high school graduate production worker domestic chores no experience,Production and Manufacturing,1
college graduate office clerk computer literate domestic chores no experience,Sales/Service/Retail,2
high school graduate production worker production worker domestic cleaner,Production and Manufacturing,1
1st year college level service crew service crew no experience,Sales/Service/Retail,2
college graduate graphic designer production worker computer literate graphic designer,Clerical and Administrative,3
college graduate cash collector cash collector no experience,Production and Manufacturing,1
2nd year high school grade viii for k to 12 bagger computer literate production worker,Production and Manufacturing,1
grade xii for k to 12 warehouse clerk warehouse helper computer literate no experience,Sales/Service/Retail,2
3rd year college level warehouse clerk checker computer literate no experience,Production and Manufacturing,1
college graduate office clerk office clerk no experience,Clerical and Administrative,3
college graduate quality control assistant computer literate domestic chores no experience,Production and Manufacturing,1
grade xii for k to 12 chicken egg producer chicken egg producer no experience,Sales/Service/Retail,2
2nd year college level office clerk service crew computer literate no experience,Sales/Service/Retail,2
high school graduate service crew service crew no experience,Sales/Service/Retail,2
college graduate cashier computer literate no experience,Clerical and Administrative,3
3rd year college level service crew service crew production worker,Sales/Service/Retail,2
3rd year college level service crew service crew production worker,Production and Manufacturing,1
high school graduate welder welder no experience,Sales/Service/Retail,2
2nd year college level accounting clerk computer literate no experience,Sales/Service/Retail,2
high school graduate storeroom clerk service crew bagger storeroom clerk service crew bagger production worker,Warehouse and Logistics,0
college graduate office clerk office clerk no experience,Sales/Service/Retail,2
2nd year college level hotel housekeeping attendant beautician hotel housekeeping attendant,Sales/Service/Retail,2
college graduate sales associate professional computer literate no experience,Sales/Service/Retail,2
high school graduate service crew computer literate beautician front desk clerk,Sales/Service/Retail,2
3rd year high school grade ix for k to 12 warehouse helper warehouse helper no experience,Production and Manufacturing,1
high school graduate electrician general production worker electrician general production worker no experience,Production and Manufacturing,1
college graduate cashier cashier waitress,Sales/Service/Retail,2
grade xii for k to 12 service crew merchandiser sales clerk service crew merchandiser sales clerk no experience,Sales/Service/Retail,2
college graduate office clerk computer literate no experience,Sales/Service/Retail,2
4th year high school grade x for k to 12 office clerk auto mechanic photography painter artist no experience,Sales/Service/Retail,2
college graduate production helper electrician production helper,Production and Manufacturing,1
college graduate data encoder service crew data encoder service crew no experience,Sales/Service/Retail,2
3rd year high school grade ix for k to 12 food attendant food attendant no experience,Sales/Service/Retail,2
high school graduate sales clerk sales clerk no experience,Sales/Service/Retail,2
1st year college level production worker production worker cashier,Production and Manufacturing,1
high school graduate housekeeping manager computer literate service crew,Clerical and Administrative,3
high school graduate sales clerk food repacker domestic chores service crew,Sales/Service/Retail,2
grade xii for k to 12 sales clerk sales clerk no experience,Sales/Service/Retail,2
college graduate office clerk office clerk no experience,Warehouse and Logistics,0
high school graduate warehouse clerk butcher general production helper computer literate driving administrative clerk production helper production helper warehouse clerk,Production and Manufacturing,1
college graduate storeroom clerk computer literate no experience,Production and Manufacturing,1
grade xii for k to 12 service crew service crew production worker,Sales/Service/Retail,2
college graduate sales clerk kitchen crew production worker computer literate enumerator,Sales/Service/Retail,2
grade xii for k to 12 service crew bagger masonry no experience,Warehouse and Logistics,0
grade xii for k to 12 service crew bagger masonry no experience,Warehouse and Logistics,0
college graduate security guard security guard no experience,General Services and Security,4
grade xii for k to 12 bagger bagger no experience,Warehouse and Logistics,0
high school graduate kitchen crew kitchen crew no experience,Sales/Service/Retail,2
1st year college level janitor janitor no experience,General Services and Security,4
1st year college level welder welder computer technician,Production and Manufacturing,1
vocational graduate service crew housekeeping services assistant gov computer literate waiter general,Production and Manufacturing,1
high school graduate production worker domestic chores production worker,Production and Manufacturing,1
college graduate cashier cashier cashier,Sales/Service/Retail,2
high school graduate cashier saleslady production worker auto mechanic beautician domestic chores cashier production worker production worker,Sales/Service/Retail,2
college graduate cashier cashier no experience,Sales/Service/Retail,2
college graduate information technology officer data encoder computer literate no experience,Production and Manufacturing,1
3rd year college level service crew service crew barista,Sales/Service/Retail,2
high school graduate service crew service crew cashier,Sales/Service/Retail,2
college graduate service crew service crew no experience,Sales/Service/Retail,2
1st year college level service crew service crew warehouse clerk,Sales/Service/Retail,2
2nd year college level service crew domestic chores tourist receptionist i gov,Production and Manufacturing,1
1st year college level service crew computer literate cashier,Sales/Service/Retail,2
high school graduate mason general mason general mason general,Production and Manufacturing,1
high school graduate production worker production worker hand packer,Production and Manufacturing,1
college graduate cashier service crew driving no experience,Sales/Service/Retail,2
4th year high school grade x for k to 12 cashier service crew barista computer literate barista,Sales/Service/Retail,2
high school graduate production worker production worker service crew production worker production worker production worker,Warehouse and Logistics,0
2nd year high school grade viii for k to 12 cashier domestic chores gardening cashier,Sales/Service/Retail,2
2nd year high school grade viii for k to 12 cashier domestic chores gardening cashier,Sales/Service/Retail,2
college graduate data encoder data encoder production worker,Production and Manufacturing,1
college graduate kitchen crew computer literate accounting officer,Sales/Service/Retail,2
college graduate cashier computer literate office clerk,Sales/Service/Retail,2
high school graduate welder welder plastic product fabricator messenger,Production and Manufacturing,1
1st year college level cashier cashier cashier,Sales/Service/Retail,2
3rd year college level production worker production worker no experience,Production and Manufacturing,1
high school graduate service crew service crew cashier,Sales/Service/Retail,2
college graduate warehouse clerk computer literate dispatcher sales services,Sales/Service/Retail,2
high school graduate welder welder welder,Production and Manufacturing,1
college graduate inventory clerk production worker inventory clerk production worker office clerk,General Services and Security,4
high school graduate service crew production worker beautician no experience,Production and Manufacturing,1
4th year high school grade x for k to 12 production worker production worker production worker,Production and Manufacturing,1
high school graduate cashier painter artist building painter,Warehouse and Logistics,0
high school graduate production worker computer literate domestic chores no experience,Sales/Service/Retail,2
grade xii for k to 12 cashier cashier no experience,Sales/Service/Retail,2
college graduate human resource management assistant data encoder office clerk computer literate merchandiser production helper,Warehouse and Logistics,0
college graduate office clerk office clerk no experience,Clerical and Administrative,3
3rd year college level office clerk computer literate domestic chores photography production worker,Sales/Service/Retail,2
high school graduate production worker production worker stockman,Warehouse and Logistics,0
high school graduate janitor production worker janitor production worker no experience,Sales/Service/Retail,2
college graduate cashier cashier no experience,Clerical and Administrative,3
high school graduate machine tool machine operator domestic chores machine tool machine operator,Production and Manufacturing,1
high school graduate production worker domestic chores promo salesperson,Production and Manufacturing,1
1st year college level storeroom clerk storeroom clerk cashier,Sales/Service/Retail,2
high school graduate service crew service crew sales associate professional,Sales/Service/Retail,2
college graduate office clerk cashier office clerk cashier no experience,Clerical and Administrative,3
college graduate stock clerk warehouse helper checker computer literate bagger,Sales/Service/Retail,2
1st year college level service crew service crew cook general,Sales/Service/Retail,2
1st year college level production worker production worker no experience,Production and Manufacturing,1
high school graduate production worker production worker saleslady,Production and Manufacturing,1
college graduate customer service assistant computer literate office clerk,Production and Manufacturing,1
2nd year college level sales associate professional sales associate professional no experience,Warehouse and Logistics,0
grade xii for k to 12 cashier gardening cashier,Sales/Service/Retail,2
college graduate cashier computer literate no experience,Sales/Service/Retail,2
4th year high school grade x for k to 12 hotel receptionist computer literate no experience,General Services and Security,4
grade xii for k to 12 enumerator enumerator no experience,Sales/Service/Retail,2
high school graduate bagger computer literate barista,Production and Manufacturing,1
1st year college level cashier cashier no experience,Sales/Service/Retail,2
2nd year college level service crew service crew no experience,Sales/Service/Retail,2
college graduate production worker production worker pastry chef,Production and Manufacturing,1
3rd year college level production worker computer literate production worker,Production and Manufacturing,1
college graduate office clerk office clerk no experience,Sales/Service/Retail,2
grade xii for k to 12 sales clerk kitchen crew food industry production helper,Production and Manufacturing,1
2nd year college level customer service assistant computer literate no experience,Sales/Service/Retail,2
college graduate customer service assistant service crew customer service assistant service crew no experience,Production and Manufacturing,1
1st year college level production worker production worker machine sewer,Clerical and Administrative,3
3rd year college level data encoder data encoder restaurant general manager,Sales/Service/Retail,2
vocational graduate cashier service crew cashier service crew no experience,Sales/Service/Retail,2
vocational graduate cashier service crew cashier service crew no experience,Sales/Service/Retail,2
college graduate office clerk driving electrician painting jobs painter artist warehouseman,Sales/Service/Retail,2
vocational graduate cashier cashier no experience,Sales/Service/Retail,2
college graduate waiter general company driver computer literate boxer,Clerical and Administrative,3
college graduate administrative assistant office clerk cashier sales clerk production worker computer literate no experience,Sales/Service/Retail,2
high school graduate service crew service crew waitress,Sales/Service/Retail,2
high school graduate service crew service crew food repacker,Sales/Service/Retail,2
2nd year college level bagger computer literate production worker,Production and Manufacturing,1
college graduate customer service assistant service crew customer service assistant service crew kitchen crew,General Services and Security,4
vocational graduate store helper store helper service crew,Production and Manufacturing,1
high school graduate production worker production worker production worker,Production and Manufacturing,1
college graduate housekeeper hotel and resorts service crew housekeeper hotel and resorts service crew sales officer,Sales/Service/Retail,2
secondary non k 12 assistant store supervisor assistant store supervisor utility worker,Sales/Service/Retail,2
high school graduate coding clerk cashier production worker coding clerk cashier production worker warehouse helper,Sales/Service/Retail,2
high school graduate machine tool machine operator machine tool machine operator no experience,Production and Manufacturing,1
college graduate customer service assistant customer service assistant no experience,Sales/Service/Retail,2
1st year college level service crew service crew truck helper,Sales/Service/Retail,2
grade vii production worker production worker no experience,Production and Manufacturing,1
college graduate sales associate professional computer literate tailoring photography painter artist saleslady service crew,Sales/Service/Retail,2
high school graduate root vegetable farmer root vegetable farmer vegetable farmer,Production and Manufacturing,1
college graduate mechanic helper mechanic helper no experience,Production and Manufacturing,1
college graduate customer service assistant bagger customer service assistant bagger no experience,General Services and Security,4
college graduate office clerk computer literate teacher secondary education,Clerical and Administrative,3
1st year college level customer service assistant service crew waiter a gov customer service assistant service crew waiter a gov cashier service crew,Clerical and Administrative,3
1st year college level cashier service crew driving no experience,Sales/Service/Retail,2
high school graduate production worker computer literate call center agent,Production and Manufacturing,1
grade xi for k to 12 service crew service crew mechanic,Production and Manufacturing,1
college graduate call center agent call center agent no experience,Sales/Service/Retail,2
grade xii for k to 12 production worker production worker delivery helper,Production and Manufacturing,1
high school graduate cashier cashier no experience,Sales/Service/Retail,2
2nd year high school grade viii for k to 12 store salesperson deliveryman laborer no experience,General Services and Security,4
high school graduate office clerk office clerk no experience,Clerical and Administrative,3
college graduate data encoder data encoder no experience,Clerical and Administrative,3
college graduate call center agent call center agent no experience,Clerical and Administrative,3
grade xii for k to 12 welder electrician welding welder,Production and Manufacturing,1
high school graduate service crew service crew machine tool machine operator,Sales/Service/Retail,2
college graduate service crew computer literate domestic chores operations officer,Sales/Service/Retail,2
4th year high school grade x for k to 12 production worker computer literate no experience,Sales/Service/Retail,2
college graduate office clerk domestic chores no experience,Sales/Service/Retail,2
high school graduate welder computer literate welder,Production and Manufacturing,1
college graduate cashier computer literate cashier,Production and Manufacturing,1
2nd year college level cashier service crew barista cashier service crew barista no experience,Sales/Service/Retail,2
4th year college level technical support staff technical support staff no experience,Clerical and Administrative,3
2nd year college level administration manager labor relations manager kitchen crew utility worker computer literate no experience,Sales/Service/Retail,2
college graduate sales clerk computer literate sales clerk,Clerical and Administrative,3
vocational graduate cashier cashier kitchen crew,Sales/Service/Retail,2
high school graduate bagger carpentry work electrician bagger,Sales/Service/Retail,2
college graduate admission clerk customer service assistant computer literate carpentry work masonry domestic chores gardening painter artist no experience,Production and Manufacturing,1
college graduate customer service assistant service crew customer service assistant service crew financial consultant,Sales/Service/Retail,2
college graduate customer service assistant customer service assistant no experience,Sales/Service/Retail,2
college graduate cashier shop assistant computer literate accounts officer,Sales/Service/Retail,2
grade xii for k to 12 service crew bagger service crew bagger bagger,Warehouse and Logistics,0
high school graduate bagger driving service crew,Warehouse and Logistics,0
college graduate kitchen crew computer literate kitchen crew,Sales/Service/Retail,2
2nd year college level data encoder human resource management clerk administrative assistant office clerk cash collector customer service assistant computer literate no experience,Clerical and Administrative,3
1st year college level cashier computer literate no experience,Clerical and Administrative,3
high school graduate construction laborer production worker auto mechanic office clerk,Production and Manufacturing,1
college graduate office clerk computer literate warehouse clerk retail wholesale establishment salesperson,Production and Manufacturing,1
high school graduate service crew service crew barangay health aide gov,Sales/Service/Retail,2
high school graduate maritime transport service supervisor pilot gov cashier gardening photography no experience,Sales/Service/Retail,2
vocational graduate service crew computer literate service crew,Sales/Service/Retail,2
college graduate accounts officer quality assurance staff administrative assistant office clerk computer literate information technology officer,Production and Manufacturing,1
1st year college level store helper computer literate store helper,Sales/Service/Retail,2
college graduate warehouseman warehouseman production worker,Sales/Service/Retail,2
college graduate office clerk office clerk no experience,Clerical and Administrative,3
2nd year college level production worker computer literate no experience,Sales/Service/Retail,2
college graduate teacher elementary school marketing staff office clerk service crew sewing dresses gardening photography painter artist office clerk office clerk,Clerical and Administrative,3
high school graduate service crew production worker service crew production worker food repacker production worker,Production and Manufacturing,1
college graduate bagger bagger no experience,Sales/Service/Retail,2
2nd year college level welder welder welder,Clerical and Administrative,3
1st year college level service crew computer literate customer service assistant,Sales/Service/Retail,2
college graduate office clerk office clerk no experience,Clerical and Administrative,3
college graduate office clerk office clerk service crew,Sales/Service/Retail,2
2nd year college level service crew production worker service crew production worker no experience,Production and Manufacturing,1
high school graduate storekeeper office clerk bagger computer literate storeroom clerk,Sales/Service/Retail,2
high school graduate bagger production worker bagger production worker mason general,Warehouse and Logistics,0
college graduate production worker production worker machine tool machine operator,Clerical and Administrative,3
college graduate marketing staff inventory clerk computer literate business development officer,Sales/Service/Retail,2
2nd year college level kitchen crew kitchen crew no experience,Sales/Service/Retail,2
2nd year college level service crew photography no experience,Sales/Service/Retail,2
college graduate service crew merchandiser sales clerk service crew merchandiser sales clerk no experience,Sales/Service/Retail,2
high school graduate warehouseman carpentry work line installer,Warehouse and Logistics,0
1st year college level customer service assistant customer service assistant no experience,Sales/Service/Retail,2
grade xii for k to 12 service crew service crew service crew,Sales/Service/Retail,2
high school graduate bagger electrician safety manager,Production and Manufacturing,1
secondary k 12 service crew computer literate food service supervisor,Sales/Service/Retail,2
college graduate industrial engineer computer literate auto mechanic carpentry work masonry electrician painting jobs gardening painter artist chemical process engineer,Production and Manufacturing,1
4th year college level technical support staff technical support staff no experience,Sales/Service/Retail,2
3rd year college level office clerk store salesperson electrician general electrical helper checker electrician electrical helper,Sales/Service/Retail,2
college graduate production worker production worker office clerk,Production and Manufacturing,1
college graduate office clerk sales clerk computer literate no experience,Sales/Service/Retail,2
college graduate sales associate professional data encoder cashier service crew computer literate cashier cashier,Sales/Service/Retail,2
2nd year college level cashier cashier customer service assistant,Production and Manufacturing,1
college graduate office clerk office clerk no experience,Production and Manufacturing,1
high school graduate production worker production worker checker,Production and Manufacturing,1
college graduate electrician general computer literate auto mechanic gardening information technology it specialist,Production and Manufacturing,1
grade xii for k to 12 bagger production worker bagger production worker bagger,Production and Manufacturing,1
grade xii for k to 12 saleslady computer literate domestic chores saleslady saleslady,Sales/Service/Retail,2
3rd year college level car driver car driver no experience,Clerical and Administrative,3
2nd year college level service crew photography bagger,Sales/Service/Retail,2
3rd year college level call center agent service crew production worker call center agent service crew production worker no experience,Sales/Service/Retail,2
high school graduate office clerk office clerk no experience,Production and Manufacturing,1
college graduate stock clerk cashier cashier aide service crew store helper maintenance crew computer literate domestic chores gardening photography time management efficient adaptability teamwork finance officer,Clerical and Administrative,3
2nd year college level sales associate professional checker computer literate carpentry work electrician domestic chores waiter general,Production and Manufacturing,1
college graduate accounts officer kitchen crew checker accounts officer kitchen crew checker no experience,Clerical and Administrative,3
high school graduate production worker production worker production worker,Sales/Service/Retail,2
college graduate cashier cashier no experience,Clerical and Administrative,3
college graduate sales clerk computer literate beautician photography service crew,Sales/Service/Retail,2
high school graduate cashier cashier no experience,Sales/Service/Retail,2
high school graduate cashier cashier no experience,Clerical and Administrative,3
college graduate sales executive service crew sales executive service crew no experience,General Services and Security,4
high school graduate welder computer literate production worker,Clerical and Administrative,3
1st year college level office clerk office clerk merchandiser sales clerk machine tool machine operator,Clerical and Administrative,3
high school graduate production worker electrician no experience,Production and Manufacturing,1
college graduate accounts officer sales clerk bagger computer literate domestic chores waiter general,Clerical and Administrative,3
college graduate financial consultant inventory clerk computer literate no experience,Clerical and Administrative,3
college graduate accounts officer accounts officer cashier,Production and Manufacturing,1
grade xii for k to 12 production worker computer literate food attendant,Sales/Service/Retail,2
high school graduate office clerk service crew office clerk service crew no experience,Sales/Service/Retail,2
college graduate office clerk merchandiser computer literate no experience,Sales/Service/Retail,2
grade xii for k to 12 merchandiser merchandiser no experience,Clerical and Administrative,3
vocational graduate bagger production worker computer literate no experience,Warehouse and Logistics,0
high school graduate welder driving no experience,Production and Manufacturing,1
high school graduate warehouse clerk waiter general service crew driving bus conductor warehouse helper,Production and Manufacturing,1
college graduate receptionist general computer literate no experience,Sales/Service/Retail,2
2nd year college level sales clerk computer literate food server,Sales/Service/Retail,2
high school graduate saleslady domestic chores domestic helper,Sales/Service/Retail,2
college graduate production worker computer literate customer service assistant,Production and Manufacturing,1
high school graduate production worker computer literate no experience,Production and Manufacturing,1
1st year college level service crew service crew service crew,Sales/Service/Retail,2
3rd year college level cashier service crew computer literate cashier,Sales/Service/Retail,2
high school graduate production worker production worker mixing and blending machine operator,Production and Manufacturing,1
4th year college level service crew computer literate no experience,Sales/Service/Retail,2
high school graduate cashier service crew cashier service crew no experience,Sales/Service/Retail,2
college graduate assistant cook auto mechanic no experience,Production and Manufacturing,1
college graduate service crew computer literate service crew,Sales/Service/Retail,2
college graduate editor data encoder office clerk merchandiser electronics technician computer literate painting jobs domestic chores photography painter artist electronics accounts manager,General Services and Security,4
college graduate sales clerk computer literate no experience,Sales/Service/Retail,2
high school graduate storeroom clerk welder welding golf caddie,Production and Manufacturing,1
2nd year college level data encoder storeroom clerk bagger computer literate no experience,Warehouse and Logistics,0
2nd year college level staff officer afp production worker food repacker computer literate saleslady,Sales/Service/Retail,2
1st year college level quality control assistant service crew production worker quality control assistant service crew production worker no experience,Production and Manufacturing,1
secondary k 12 maintenance crew computer literate maintenance crew,Production and Manufacturing,1
2nd year college level service crew production worker computer literate domestic chores quality control assistant,Warehouse and Logistics,0
1st year college level cashier service crew merchandiser computer literate domestic chores no experience,Sales/Service/Retail,2
college graduate bagger production worker computer literate no experience,Warehouse and Logistics,0
high school graduate sales associate professional service crew computer literate no experience,Sales/Service/Retail,2
high school graduate kitchen crew driving storeroom clerk,Sales/Service/Retail,2
high school graduate sales associate professional computer literate cashier,Sales/Service/Retail,2
1st year college level vegetable farmer vegetable farmer vegetable farmer,Production and Manufacturing,1
high school graduate street non food vendor computer literate member of the barangay council sangguniang pambarangay,Sales/Service/Retail,2
college graduate utility worker production worker gardening office clerk cashier saleslady,Production and Manufacturing,1
high school graduate production assistant beautician no experience,Production and Manufacturing,1
high school graduate service crew service crew service crew,Sales/Service/Retail,2
college graduate administration services aide administration services aide no experience,Sales/Service/Retail,2
2nd year college level filing clerk call center agent production worker filing clerk call center agent production worker no experience,Production and Manufacturing,1
2nd year high school grade viii for k to 12 building helper gov building helper gov building helper gov,Production and Manufacturing,1
2nd year college level service crew computer literate photography no experience,Production and Manufacturing,1
1st year college level customer service assistant customer service assistant cashier,Clerical and Administrative,3
college graduate production worker production worker production machine operator,Production and Manufacturing,1
2nd year college level data encoder computer literate warehouse clerk,Clerical and Administrative,3
4th year college level cashier computer literate kitchen helper,Sales/Service/Retail,2
vocational undergraduate production worker driving security guard,Production and Manufacturing,1
high school graduate production worker production worker production worker,Production and Manufacturing,1
2nd year college level cashier computer literate domestic chores production worker,Sales/Service/Retail,2
high school graduate gasoline pump boy production worker computer literate domestic chores no experience,Production and Manufacturing,1
grade xii for k to 12 bagger bagger no experience,Sales/Service/Retail,2
2nd year college level accounts officer sales clerk beautician cashier,Clerical and Administrative,3
college graduate customer relations officer manufacturing laborer customer relations officer manufacturing laborer no experience,Clerical and Administrative,3
high school graduate room attendant bagger production worker computer literate production worker,Production and Manufacturing,1
2nd year college level delivery helper computer literate warehouse clerk,Production and Manufacturing,1
high school graduate audit assistant audit assistant no experience,Production and Manufacturing,1
grade xii for k to 12 cashier cashier no experience,Sales/Service/Retail,2
1st year college level production worker production worker warehouse clerk,Clerical and Administrative,3
2nd year college level bottle sorter production worker bottle sorter production worker no experience,Production and Manufacturing,1
college graduate administrative assistant administrative assistant cashier,Sales/Service/Retail,2
high school graduate production worker production worker accounts officer,Production and Manufacturing,1
college graduate counter clerk bagger computer literate service crew,General Services and Security,4
2nd year college level service crew computer literate domestic chores service crew,Sales/Service/Retail,2
college graduate teacher aide domestic chores no experience,Clerical and Administrative,3
high school graduate merchandiser beautician promo salesperson,Sales/Service/Retail,2
college graduate accounting clerk accounting clerk no experience,Sales/Service/Retail,2
college graduate cashier cashier no experience,Clerical and Administrative,3
college graduate accounts officer computer literate no experience,Clerical and Administrative,3
high school graduate bagger computer literate photography cashier,Warehouse and Logistics,0
2nd year college level food repacker domestic chores promo salesperson,Sales/Service/Retail,2
college graduate kitchen crew computer literate no experience,Sales/Service/Retail,2
college graduate customer service assistant computer literate no experience,Sales/Service/Retail,2
high school graduate service crew production worker computer literate utility worker,Sales/Service/Retail,2
3rd year college level service crew computer literate domestic chores no experience,Sales/Service/Retail,2
1st year college level sales associate professional stock clerk sales clerk checker bagger production worker computer literate maintenance crew,Sales/Service/Retail,2
college graduate cashier cashier no experience,Sales/Service/Retail,2
grade xii for k to 12 bagger masonry painting jobs production worker,Sales/Service/Retail,2
college graduate documentation staff office clerk cashier sales clerk computer literate no experience,Sales/Service/Retail,2
1st year college level cashier cashier no experience,Sales/Service/Retail,2
vocational graduate sales associate professional auto mechanic laborer helper fishery,Production and Manufacturing,1
1st year college level checker production worker computer literate sewing dresses enumerator,Production and Manufacturing,1
grade xii for k to 12 cashier beautician domestic chores no experience,Sales/Service/Retail,2
high school graduate telemarketer collection assistant customer service assistant graphic editing credit and collection clerk,Clerical and Administrative,3
secondary k 12 service crew computer literate production worker,Sales/Service/Retail,2
college graduate service crew computer literate domestic chores no experience,Sales/Service/Retail,2
high school graduate production worker production worker production worker,Clerical and Administrative,3
1st year college level storeroom clerk computer literate production machine operator,Sales/Service/Retail,2
college graduate business development marketing assistant gov business development marketing assistant gov no experience,Sales/Service/Retail,2
college graduate project coordinator front desk clerk ship crew computer literate domestic chores no experience,Sales/Service/Retail,2
high school graduate customer service assistant service crew household attendant computer literate safety officer,Sales/Service/Retail,2
high school graduate production worker domestic chores machine tool machine operator,Clerical and Administrative,3
high school graduate construction stonemason construction stonemason construction stonemason,Production and Manufacturing,1
1st year college level service crew production worker electronics no experience,Clerical and Administrative,3
1st year college level promo salesperson promo salesperson no experience,Sales/Service/Retail,2
high school graduate baker general bottle sorter baker general bottle sorter no experience,Sales/Service/Retail,2
grade xii for k to 12 cashier customer service assistant computer literate cashier,Clerical and Administrative,3
high school graduate office clerk office clerk no experience,Sales/Service/Retail,2
college graduate food server domestic chores no experience,Warehouse and Logistics,0
college graduate human resource development clerk office clerk computer literate no experience,Clerical and Administrative,3
high school graduate service crew service crew waiter general,Production and Manufacturing,1
high school graduate sales associate professional beautician sales clerk,Sales/Service/Retail,2
1st year college level security guard security guard no experience,General Services and Security,4
1st year college level service crew bagger delivery helper ceiling installer line installer,General Services and Security,4
high school graduate production worker production worker promo salesperson,Production and Manufacturing,1
4th year college level data encoder computer literate domestic chores no experience,Warehouse and Logistics,0
vocational graduate production worker computer literate printing assistant,Sales/Service/Retail,2
2nd year college level cashier bottle sorter computer literate cashier,Sales/Service/Retail,2
high school graduate service crew service crew no experience,Production and Manufacturing,1
high school graduate cashier cashier cashier,Sales/Service/Retail,2
high school graduate service crew production worker service crew production worker no experience,Sales/Service/Retail,2
high school graduate production worker production worker machine tool machine operator,Sales/Service/Retail,2
grade xii for k to 12 bagger computer literate no experience,Warehouse and Logistics,0
1st year college level sales clerk sales clerk cashier,Sales/Service/Retail,2
college graduate store supervisor marketing assistant merchandiser sales clerk store salesperson scanner data computer literate painter artist meter reader sales clerk,Warehouse and Logistics,0
high school graduate bagger bagger no experience,Sales/Service/Retail,2
college graduate customer service assistant customer service assistant no experience,Sales/Service/Retail,2
3rd year college level kitchen crew kitchen crew no experience,Production and Manufacturing,1
grade xii for k to 12 office clerk office clerk promo salesperson,Clerical and Administrative,3
college graduate cashier computer literate no experience,Sales/Service/Retail,2
1st year college level storeroom clerk storeroom clerk no experience,Sales/Service/Retail,2
3rd year college level storeroom clerk cashier storeroom clerk cashier enumerator,Sales/Service/Retail,2
college graduate cashier cashier no experience,General Services and Security,4
high school graduate production worker computer literate delivery checker delivery checker,Warehouse and Logistics,0
grade xii for k to 12 service crew service crew service crew,Sales/Service/Retail,2
2nd year high school grade viii for k to 12 stock clerk bagger electrician no experience,Production and Manufacturing,1
college graduate data encoder office cleaner data encoder office cleaner no experience,Sales/Service/Retail,2
high school graduate utility worker domestic chores waitress,General Services and Security,4
2nd year college level data encoder computer literate no experience,General Services and Security,4
vocational graduate production helper production helper sales clerk,Production and Manufacturing,1
high school graduate cashier service crew sales clerk computer literate sales clerk,Sales/Service/Retail,2
vocational graduate production worker production worker mail sorter,Production and Manufacturing,1
high school graduate sales clerk sales clerk sales clerk,Clerical and Administrative,3
high school graduate office clerk office clerk order materials clerk,Sales/Service/Retail,2
college graduate office clerk service crew office clerk service crew no experience,Sales/Service/Retail,2
grade xii for k to 12 cashier welder computer literate driving masonry gardening no experience,Sales/Service/Retail,2
3rd year college level storekeeper computer literate cashier,Sales/Service/Retail,2
college graduate computer programmer data analyst computer programmer data analyst no experience,Production and Manufacturing,1
3rd year college level sales amp marketing assistant sales amp marketing assistant no experience,Clerical and Administrative,3
college graduate storeroom clerk kitchen crew storeroom clerk kitchen crew no experience,Production and Manufacturing,1
high school graduate service crew computer literate machine tool machine operator,Sales/Service/Retail,2
college graduate stock clerk computer literate no experience,Sales/Service/Retail,2
college graduate office clerk checker production helper office clerk checker production helper no experience,Production and Manufacturing,1
college graduate storeroom clerk service crew storeroom clerk service crew no experience,Sales/Service/Retail,2
college graduate storeroom clerk service crew storeroom clerk service crew no experience,Clerical and Administrative,3
high school graduate cashier service crew computer literate domestic chores cashier,Sales/Service/Retail,2
high school graduate service crew service crew cashier,Sales/Service/Retail,2
college graduate service crew service crew barista,Sales/Service/Retail,2
high school graduate sales associate professional sales associate professional service crew,Sales/Service/Retail,2
college graduate store manager store manager no experience,Sales/Service/Retail,2
4th year college level audit assistant office clerk central office equipment installer audit assistant office clerk central office equipment installer no experience,Production and Manufacturing,1
2nd year college level call center agent production worker call center agent production worker no experience,Production and Manufacturing,1
college graduate quality assurance inspector production worker computer literate office clerk,Production and Manufacturing,1
college graduate production helper stenography sewing dresses log sorter,General Services and Security,4
college graduate cashier checker computer literate domestic chores customer service assistant,Warehouse and Logistics,0
high school graduate production helper computer literate carpentry work tailoring gardening photography no experience,Production and Manufacturing,1
high school graduate customer service assistant computer literate service crew,Sales/Service/Retail,2
high school graduate service crew computer literate domestic chores saleslady,Sales/Service/Retail,2
3rd year college level bottle sorter bottle sorter no experience,Warehouse and Logistics,0
high school graduate warehouse clerk saleslady computer literate photography cashier,Warehouse and Logistics,0
1st year college level utility worker warehouse helper sewing dresses domestic chores no experience,Warehouse and Logistics,0
college graduate housekeeper private housekeeper private no experience,Sales/Service/Retail,2
elementary graduate mason general carpenter gov carpentry work masonry mason general,Production and Manufacturing,1
grade xii for k to 12 bottle sorter bottle sorter no experience,Warehouse and Logistics,0
1st year college level production worker computer literate domestic chores no experience,Production and Manufacturing,1
high school graduate room attendant production helper room attendant production helper no experience,Production and Manufacturing,1
3rd year college level gate crossing keeper gov production helper gate crossing keeper gov production helper utility worker,Production and Manufacturing,1
high school graduate service crew computer literate domestic chores no experience,Sales/Service/Retail,2
high school graduate customer service assistant bottle sorter computer literate quality analyst,Warehouse and Logistics,0
high school graduate saleslady computer literate warehouse clerk,Production and Manufacturing,1
high school graduate welder masonry painting jobs welder,Production and Manufacturing,1
1st year college level laborer laborer merchandiser,Production and Manufacturing,1
high school graduate merchandiser computer literate domestic chores merchandiser,Sales/Service/Retail,2
grade xii for k to 12 bagger driving domestic chores bagger,Production and Manufacturing,1
4th year college level office clerk computer literate no experience,Production and Manufacturing,1
2nd year college level service crew production worker computer literate domestic chores production machine operator,Production and Manufacturing,1
high school graduate production worker driving gardening hotel housekeeping attendant,General Services and Security,4
college graduate production worker domestic chores street food vendor,Production and Manufacturing,1
1st year college level administrative supervisor computer literate area operations manager,Warehouse and Logistics,0
high school graduate production worker computer literate no experience,Sales/Service/Retail,2
4th year college level kitchen crew kitchen crew no experience,Production and Manufacturing,1
4th year college level service crew domestic chores hand packer,Sales/Service/Retail,2
3rd year college level warehouse clerk warehouse clerk production worker,Warehouse and Logistics,0
high school graduate truck driver driving truck driver,General Services and Security,4
high school graduate company driver company driver no experience,General Services and Security,4
high school graduate warehouse clerk warehouse clerk sales clerk,Warehouse and Logistics,0
high school graduate office clerk production worker office clerk production worker no experience,Production and Manufacturing,1
1st year college level service crew merchandiser production worker strong communication service creative adaptability work ethic eagerness to learn and contribute security guard fish processing worker log sorter service crew,Production and Manufacturing,1
4th year college level quality assurance staff hardworking willing to work under pressure good sense of humor patience sales associate professional fashion consultant,Production and Manufacturing,1
college graduate service crew salesman bagger production worker computer literate domestic chores sales clerk production worker,Warehouse and Logistics,0
college graduate service crew salesman bagger production worker computer literate domestic chores sales clerk production worker,Production and Manufacturing,1
1st year college level hotel housekeeping attendant merchandiser bagger hotel housekeeping attendant merchandiser bagger janitorial supervisor,Sales/Service/Retail,2
2nd year college level production worker computer literate no experience,Production and Manufacturing,1
college graduate warehouseman warehouseman enumerator,Production and Manufacturing,1
high school graduate production helper painting jobs checker,Production and Manufacturing,1
college graduate production worker computer literate driving painting jobs painter artist security guard,Production and Manufacturing,1
college graduate cashier computer literate accounting clerk,Sales/Service/Retail,2
high school graduate welder carpentry work masonry painting jobs welder,Production and Manufacturing,1
grade xii for k to 12 security guard lowland rice farmer computer literate no experience,Production and Manufacturing,1
high school graduate bagger domestic chores no experience,Warehouse and Logistics,0
1st year college level store manager store supervisor warehouse clerk production worker computer literate no experience,Clerical and Administrative,3
high school graduate production worker production worker production worker,Production and Manufacturing,1
2nd year college level human resource development assistant computer literate no experience,Production and Manufacturing,1
secondary k 12 service crew computer literate no experience,Sales/Service/Retail,2
grade xii for k to 12 customer service assistant service crew computer literate no experience,Sales/Service/Retail,2
high school graduate food repacker domestic chores sidewalk stall vendor,Warehouse and Logistics,0
elementary graduate warehouse clerk domestic chores no experience,Warehouse and Logistics,0
high school graduate warehouse clerk production worker warehouse clerk production worker inventory clerk,Production and Manufacturing,1
4th year high school grade x for k to 12 service crew domestic chores no experience,Sales/Service/Retail,2
1st year college level production worker computer literate no experience,Production and Manufacturing,1
2nd year college level call center agent service crew computer literate no experience,Sales/Service/Retail,2
high school graduate customer service assistant customer service assistant no experience,Production and Manufacturing,1
high school graduate production worker gardening no experience,Production and Manufacturing,1
1st year college level quality assurance staff warehouse clerk quality assurance staff warehouse clerk quality control assistant,Production and Manufacturing,1
1st year college level customer service assistant production worker customer service assistant production worker painter,Production and Manufacturing,1
grade xii for k to 12 service crew service crew sales clerk,Sales/Service/Retail,2
college graduate inventory clerk warehouse clerk merchandiser production worker computer literate merchandiser merchandiser call center agent,Sales/Service/Retail,2
2nd year high school grade viii for k to 12 bottle sorter bottle sorter no experience,Warehouse and Logistics,0
college graduate production worker computer literate no experience,Production and Manufacturing,1
college graduate data encoder computer literate no experience,Sales/Service/Retail,2
high school graduate service crew service crew gasoline pump boy,Sales/Service/Retail,2
vocational undergraduate production worker production worker production worker,Production and Manufacturing,1
college graduate laborer laborer service crew,Production and Manufacturing,1
college graduate cashier stenography service crew,Sales/Service/Retail,2
college graduate warehouse clerk computer literate human resource management clerk call center agent,Warehouse and Logistics,0
high school graduate production worker machinery machine tool machine operator,Production and Manufacturing,1
high school graduate production helper production helper warehouse clerk,Production and Manufacturing,1
4th year college level cook general mechanical helper cook general mechanical helper no experience,Production and Manufacturing,1
4th year high school grade x for k to 12 warehouse clerk production helper warehouse clerk production helper household attendant,Production and Manufacturing,1
college graduate production helper production helper no experience,Production and Manufacturing,1
college graduate stockman stockman no experience,Production and Manufacturing,1
4th year college level administrative clerk administrative clerk no experience,Production and Manufacturing,1
college graduate enumerator computer literate cashier cash desk cashier saleslady,Warehouse and Logistics,0
vocational graduate warehouse clerk warehouse clerk cashier,Production and Manufacturing,1
college graduate production worker computer literate sales clerk,Production and Manufacturing,1
vocational graduate service crew computer literate no experience,Sales/Service/Retail,2
3rd year high school grade ix for k to 12 bottle sorter bottle sorter no experience,Warehouse and Logistics,0
1st year college level office clerk production worker computer literate telemarketer,Production and Manufacturing,1
1st year college level warehouse clerk warehouse clerk no experience,Production and Manufacturing,1
college graduate sales clerk sales clerk sales amp marketing assistant,Sales/Service/Retail,2
college graduate central office equipment installer computer literate no experience,Production and Manufacturing,1
1st year college level car driver computer literate electrician helper technician,Production and Manufacturing,1
high school graduate service crew production worker computer literate warehouse helper,Production and Manufacturing,1
high school graduate service crew computer literate no experience,Production and Manufacturing,1
2nd year college level service crew computer literate domestic chores warehouse clerk,Production and Manufacturing,1
high school graduate sales clerk checker bagger sales clerk checker bagger no experience,Sales/Service/Retail,2
high school graduate service crew domestic chores production worker,Sales/Service/Retail,2
high school graduate production worker masonry delivery helper delivery helper,Warehouse and Logistics,0
high school graduate warehouse helper computer literate no experience,Warehouse and Logistics,0
1st year college level production helper production helper no experience,Production and Manufacturing,1
high school graduate warehouse clerk merchandiser promo salesperson warehouse clerk merchandiser promo salesperson call center agent,Warehouse and Logistics,0
2nd year college level bagger bagger logistics officer,Production and Manufacturing,1
college graduate storeroom clerk storeroom clerk no experience,Production and Manufacturing,1
2nd year college level service crew computer literate domestic chores no experience,Sales/Service/Retail,2
college graduate merchandiser production worker computer literate merchandiser,Production and Manufacturing,1
vocational graduate cashier customer service assistant service crew checker production worker computer literate office clerk,Sales/Service/Retail,2
college graduate warehouse clerk sales clerk warehouse clerk sales clerk no experience,Warehouse and Logistics,0
1st year high school grade vii for k to 12 company driver company driver no experience,Production and Manufacturing,1
high school graduate janitress dishwasher food repacker domestic chores gardening utility worker,Production and Manufacturing,1
grade xii for k to 12 warehouse clerk warehouse clerk food repacker,Warehouse and Logistics,0
4th year high school grade x for k to 12 warehouse clerk warehouse clerk massage parlor general manager,Warehouse and Logistics,0
high school graduate cashier service crew computer literate no experience,Sales/Service/Retail,2
3rd year college level production helper production helper utility worker,Production and Manufacturing,1
grade xii for k to 12 service crew computer literate service crew,Sales/Service/Retail,2
high school graduate production worker production worker warehouse clerk,Production and Manufacturing,1
college graduate production worker computer literate domestic chores production worker,Production and Manufacturing,1
high school graduate bottle sorter production worker computer literate domestic chores domestic helper,Production and Manufacturing,1
vocational graduate service crew computer literate service crew,Sales/Service/Retail,2
4th year college level customer service assistant computer literate no experience,Production and Manufacturing,1
3rd year college level warehouse clerk computer literate domestic chores financial consultant,Warehouse and Logistics,0
grade xii for k to 12 service crew production worker service crew production worker production worker,Sales/Service/Retail,2
high school graduate laborer helper fishery laborer helper fishery laborer helper fishery,Production and Manufacturing,1
3rd year high school grade ix for k to 12 mail sorter production worker domestic chores sales clerk,Warehouse and Logistics,0
college graduate mail sorter production helper mail sorter production helper no experience,Production and Manufacturing,1
high school graduate warehouse clerk production worker warehouse clerk production worker domestic helper,Warehouse and Logistics,0
3rd year high school grade ix for k to 12 data encoder warehouse clerk domestic chores garbage collector,Warehouse and Logistics,0
high school graduate production worker production worker cook general,Production and Manufacturing,1
college graduate administration services aide administration services aide customer service assistant,Sales/Service/Retail,2
2nd year college level customer service assistant call center agent service crew computer literate painter artist service crew,Production and Manufacturing,1
grade xii for k to 12 hand packer hand packer no experience,Production and Manufacturing,1
grade xii for k to 12 service crew service crew sales clerk,Sales/Service/Retail,2
2nd year college level salesman production worker computer literate driving financial consultant,Sales/Service/Retail,2
college graduate merchandising supervisor retail associate human resource development clerk computer literate no experience,Sales/Service/Retail,2
college graduate office clerk computer literate teacher secondary education,Clerical and Administrative,3
3rd year high school grade ix for k to 12 production worker domestic chores no experience,Production and Manufacturing,1
2nd year college level production worker computer literate domestic chores sales clerk,Production and Manufacturing,1
4th year high school grade x for k to 12 warehouse clerk production worker warehouse clerk production worker production machine operator,Production and Manufacturing,1
2nd year college level office clerk service crew room attendant production worker office clerk service crew room attendant production worker no experience,Production and Manufacturing,1
high school graduate production worker production worker production worker,Production and Manufacturing,1
grade xii for k to 12 store helper domestic chores no experience,Production and Manufacturing,1
college graduate data encoder documentation clerk office clerk customer service assistant computer literate domestic chores no experience,Sales/Service/Retail,2
elementary graduate warehouse clerk warehouse clerk hospital housekeeper gov,Warehouse and Logistics,0
college graduate production worker production worker casino dealer,Production and Manufacturing,1
high school graduate production worker production worker production worker,Production and Manufacturing,1
2nd year college level production helper domestic chores housekeeper private,Production and Manufacturing,1
high school graduate service crew computer literate service crew,Production and Manufacturing,1
college graduate service crew computer literate beautician domestic chores cashier,Sales/Service/Retail,2
college graduate production helper carpentry work scaffolder,Production and Manufacturing,1
1st year college level office clerk merchandiser office clerk merchandiser office clerk,Warehouse and Logistics,0
college graduate inventory clerk office clerk computer literate treasury assistant,Warehouse and Logistics,0
college graduate storeroom clerk cashier service crew computer literate domestic chores meter reader service crew sales clerk,Sales/Service/Retail,2
high school graduate warehouse clerk auto mechanic no experience,Warehouse and Logistics,0
2nd year college level data encoder human resource management clerk administrative assistant office clerk cash collector customer service assistant computer literate no experience,Clerical and Administrative,3
college graduate kitchen crew production worker domestic chores no experience,Production and Manufacturing,1
high school graduate production worker masonry construction laborer,Production and Manufacturing,1
4th year college level production worker production worker utility worker,Production and Manufacturing,1
high school graduate production worker hand packer beautician domestic chores saleslady,General Services and Security,4
college graduate bagger computer literate no experience,Warehouse and Logistics,0
high school graduate service crew production worker computer literate production machine operator,Production and Manufacturing,1
college graduate accounts officer quality assurance staff administrative assistant office clerk computer literate information technology officer,Warehouse and Logistics,0
grade xii for k to 12 service crew production worker service crew production worker no experience,Production and Manufacturing,1
high school graduate warehouse clerk warehouse clerk sewer,Warehouse and Logistics,0
4th year high school grade x for k to 12 warehouse clerk warehouse clerk saleslady,Warehouse and Logistics,0
high school graduate warehouse clerk domestic chores bagger,Warehouse and Logistics,0
high school graduate merchandiser merchandiser merchandiser food repacker,Sales/Service/Retail,2
high school graduate housekeeper hotel and resorts production worker domestic chores housekeeping mechanic helper,Warehouse and Logistics,0
3rd year high school grade ix for k to 12 company driver company driver no experience,General Services and Security,4
high school graduate warehouse clerk production helper warehouse clerk production helper sales associate professional,Production and Manufacturing,1
grade xii for k to 12 production worker computer literate domestic chores merchandiser,Production and Manufacturing,1
high school graduate call center agent computer literate bagger,Warehouse and Logistics,0
elementary graduate warehouse clerk warehouse clerk warehouse clerk,Warehouse and Logistics,0
grade xii for k to 12 cashier computer literate cashier,Production and Manufacturing,1
high school graduate warehouse clerk driving construction laborer,Warehouse and Logistics,0
2nd year college level service crew computer literate domestic chores communication no experience,Sales/Service/Retail,2
high school graduate production worker production worker machine tool machine operator,Production and Manufacturing,1
high school graduate storekeeper office clerk bagger computer literate storeroom clerk,Warehouse and Logistics,0
high school graduate merchandiser merchandiser sales clerk,Sales/Service/Retail,2
college graduate production worker computer literate domestic chores no experience,Production and Manufacturing,1
college graduate receiving clerk office clerk receiving clerk office clerk enumerator,Warehouse and Logistics,0
2nd year college level production worker domestic chores domestic helper,General Services and Security,4
grade xii for k to 12 kitchen crew computer literate no experience,Production and Manufacturing,1
3rd year college level service crew bagger production worker service crew bagger production worker liaison officer bagger,Sales/Service/Retail,2
high school graduate driver gov driving no experience,General Services and Security,4
2nd year college level stock clerk bagger stock clerk bagger production helper,Sales/Service/Retail,2
grade xii for k to 12 production worker computer literate beautician domestic chores no experience,Production and Manufacturing,1
high school graduate production machine operator production helper production machine operator production helper production machine operator,Production and Manufacturing,1
college graduate data encoder cashier service crew computer literate storeroom clerk,Sales/Service/Retail,2
1st year college level cashier service crew computer literate cashier,Sales/Service/Retail,2
2nd year college level promo salesperson promo salesperson merchandiser,Sales/Service/Retail,2
college graduate production worker production worker customer service assistant,Warehouse and Logistics,0
college graduate warehouse clerk warehouse clerk warehouse clerk,Warehouse and Logistics,0
college graduate human resource supervisor office clerk production worker cookery no experience,Warehouse and Logistics,0
college graduate admission clerk admission clerk no experience,Production and Manufacturing,1
1st year college level office clerk office clerk domestic helper,Warehouse and Logistics,0
3rd year high school grade ix for k to 12 warehouse clerk production worker warehouse clerk production worker no experience,Production and Manufacturing,1
high school graduate production worker production worker saleslady,Production and Manufacturing,1
high school graduate electronics technician forklift operator electronics guidance coordinator i gov,Warehouse and Logistics,0
grade xii for k to 12 service crew service crew no experience,Production and Manufacturing,1
grade xii for k to 12 store helper production helper masonry domestic chores no experience,Production and Manufacturing,1
vocational graduate production worker computer literate domestic chores production worker,Production and Manufacturing,1
grade xii for k to 12 merchandiser merchandiser merchandiser,Sales/Service/Retail,2
elementary graduate mail sorter mail sorter production worker,Warehouse and Logistics,0
high school graduate service crew computer literate barista barista,Production and Manufacturing,1
high school graduate warehouse clerk warehouse clerk production worker,Warehouse and Logistics,0
high school graduate truck driver driving truck driver,General Services and Security,4
2nd year college level bagger production worker bagger production worker production worker,Production and Manufacturing,1
high school graduate warehouse clerk warehouse clerk call center agent,Warehouse and Logistics,0
grade vi production helper production helper warehouse clerk,Production and Manufacturing,1
high school graduate mail sorter domestic chores hotel housekeeping attendant,Warehouse and Logistics,0
college graduate kitchen helper bottle sorter computer literate domestic chores no experience,Production and Manufacturing,1
high school graduate production worker production helper domestic chores no experience,Production and Manufacturing,1
1st year college level service crew production worker computer literate warehouse helper,Production and Manufacturing,1
high school graduate food repacker food repacker bread baker,Warehouse and Logistics,0
1st year college level warehouse helper warehouse helper sales amp marketing assistant sales amp marketing assistant,Warehouse and Logistics,0
high school graduate warehouse clerk warehouse clerk civil security assistant gov,Warehouse and Logistics,0
college graduate human resource development clerk office clerk human resource development clerk office clerk no experience,Clerical and Administrative,3
high school graduate production worker domestic chores bagger,Sales/Service/Retail,2
high school graduate office clerk computer literate no experience,Sales/Service/Retail,2
high school graduate mechanic helper auto mechanic painting jobs laborer,Production and Manufacturing,1
grade xii for k to 12 service crew computer literate domestic chores cashier,Sales/Service/Retail,2
high school graduate production worker production worker production worker,Warehouse and Logistics,0
high school graduate caregiver home based domestic chores no experience,Production and Manufacturing,1
vocational graduate service crew service crew office clerk,Sales/Service/Retail,2
2nd year college level sales associate professional production worker computer literate production worker,Production and Manufacturing,1
grade xi for k to 12 cashier production helper computer literate production helper,Production and Manufacturing,1
high school graduate street non food vendor production worker electrician tailoring domestic chores no experience,Warehouse and Logistics,0
high school graduate warehouse clerk warehouse clerk warehouse clerk,Warehouse and Logistics,0
3rd year high school grade ix for k to 12 production worker production worker no experience,Production and Manufacturing,1
high school graduate bread baker production worker cooking no experience,Production and Manufacturing,1
2nd year college level production worker computer literate embroidery domestic chores gardening barangay treasurer,Warehouse and Logistics,0
1st year college level customer service assistant food repacker customer service assistant food repacker community development worker,Warehouse and Logistics,0
4th year high school grade x for k to 12 production worker production worker production worker,Production and Manufacturing,1
3rd year high school grade ix for k to 12 warehouse helper warehouse helper service crew,Production and Manufacturing,1
grade xii for k to 12 service crew service crew engineering aide,Production and Manufacturing,1
2nd year college level service crew computer literate domestic chores stock clerk,Sales/Service/Retail,2
high school graduate production worker driving store helper,Production and Manufacturing,1
3rd year college level cashier production helper cashier production helper cashier,Sales/Service/Retail,2
high school graduate warehouse helper domestic chores no experience,General Services and Security,4
vocational graduate safety officer bottle sorter safety officer bottle sorter no experience,Production and Manufacturing,1
3rd year high school grade ix for k to 12 production helper production helper no experience,Production and Manufacturing,1
high school graduate production worker computer literate commis helper,Production and Manufacturing,1
grade xii for k to 12 service crew computer literate bagger,Sales/Service/Retail,2
4th year high school grade x for k to 12 truck driver driving truck driver,General Services and Security,4
college graduate kitchen crew kitchen crew no experience,Sales/Service/Retail,2
2nd year college level room attendant production worker production helper domestic chores production worker production worker,Production and Manufacturing,1
college graduate sales executive quality assurance staff jail officer i gov warehouse clerk cashier collector money vending machine computer literate no experience,Production and Manufacturing,1
high school graduate production worker computer literate production worker,Production and Manufacturing,1
4th year high school grade x for k to 12 production worker domestic chores kitchen helper,Production and Manufacturing,1
vocational graduate warehouse clerk mail sorter production worker warehouse clerk mail sorter production worker no experience,Warehouse and Logistics,0
vocational graduate production worker production worker production worker,Production and Manufacturing,1
high school graduate production helper production helper kitchen crew,Production and Manufacturing,1
2nd year high school grade viii for k to 12 office clerk production worker office clerk production worker no experience,Production and Manufacturing,1
grade xii for k to 12 storeroom clerk cashier service crew computer literate cashier customer service assistant,Sales/Service/Retail,2
high school graduate service crew domestic chores no experience,Production and Manufacturing,1
1st year college level production helper computer literate domestic chores sales clerk,Warehouse and Logistics,0
high school graduate warehouse helper warehouse helper line installer,Warehouse and Logistics,0
1st year college level warehouse helper warehouse helper technical support staff,Warehouse and Logistics,0
elementary graduate mason general masonry mason general,Production and Manufacturing,1
2nd year college level car driver truck driver computer literate driving painting jobs car driver bus driver car driver car driver truck driver,General Services and Security,4
grade xii for k to 12 delivery helper delivery helper no experience,Production and Manufacturing,1
high school graduate production worker computer literate domestic chores no experience,Production and Manufacturing,1
4th year high school grade x for k to 12 production worker production worker no experience,Sales/Service/Retail,2
3rd year college level receptionist general customer service assistant sales clerk computer literate painting jobs domestic chores gardening service crew,Warehouse and Logistics,0
3rd year high school grade ix for k to 12 company driver driving carpentry work company driver company driver,Warehouse and Logistics,0
high school graduate electronics technician production worker auto mechanic electrician painter artist electronics food repacker,Production and Manufacturing,1
high school graduate production worker production worker housekeeper private,Production and Manufacturing,1
high school graduate food repacker food repacker no experience,Production and Manufacturing,1
college graduate storeroom clerk office clerk storeroom clerk office clerk no experience,Warehouse and Logistics,0
1st year college level cashier cashier no experience,Sales/Service/Retail,2
college graduate cashier customer service assistant computer literate no experience,Sales/Service/Retail,2
college graduate warehouse clerk service crew utility worker production worker painting jobs embroidery domestic chores painter artist domestic helper,Production and Manufacturing,1
high school graduate truck driver driving auto mechanic carpentry work plumbing delivery driver,General Services and Security,4
high school graduate delivery helper delivery helper utility worker,Production and Manufacturing,1
high school graduate production worker carpentry work mason general,Production and Manufacturing,1
2nd year college level service crew production worker service crew production worker cashier,Sales/Service/Retail,2
high school graduate production worker driving carpentry work painting jobs photography production worker,Production and Manufacturing,1
grade xii for k to 12 production helper production helper production helper,Production and Manufacturing,1
college graduate cashier service crew cashier service crew no experience,Sales/Service/Retail,2
high school graduate merchandiser computer literate bagger,Sales/Service/Retail,2
vocational graduate production worker sewing dresses production worker,Production and Manufacturing,1
college graduate office clerk office clerk no experience,Clerical and Administrative,3
college graduate accounting clerk accounting clerk no experience,Production and Manufacturing,1
grade xii for k to 12 service crew gardening service crew,Production and Manufacturing,1
2nd year college level production helper production helper no experience,Production and Manufacturing,1
college graduate cashier cashier storeroom clerk,Production and Manufacturing,1
high school graduate service crew computer literate driving auto mechanic masonry electrician painter artist service crew,Sales/Service/Retail,2
high school graduate mason general masonry mason general,Production and Manufacturing,1
high school graduate warehouse helper bottle sorter warehouse helper bottle sorter no experience,Warehouse and Logistics,0
vocational undergraduate truck driver truck driver no experience,General Services and Security,4
high school graduate warehouse clerk service crew warehouse clerk service crew bagger,Sales/Service/Retail,2
college graduate storekeeper cashier storekeeper cashier leadman general,Production and Manufacturing,1
high school graduate warehouse helper warehouse helper bagger,Warehouse and Logistics,0
high school graduate bread baker domestic chores no experience,Warehouse and Logistics,0
1st year college level customer service assistant production worker customer service assistant production worker no experience,Production and Manufacturing,1
college graduate warehouse clerk warehouse clerk administration services aide,Warehouse and Logistics,0
4th year college level cashier cashier no experience,Sales/Service/Retail,2
college graduate production worker operator accounting machine operator i,Production and Manufacturing,1
college graduate warehouse clerk warehouse clerk security guard,Warehouse and Logistics,0
grade xii for k to 12 sales clerk computer literate sales clerk,Production and Manufacturing,1
college graduate billing clerk billing clerk no experience,Production and Manufacturing,1
college graduate sales associate professional sales associate professional no experience,Production and Manufacturing,1
2nd year college level production worker domestic chores production worker,Production and Manufacturing,1
high school graduate production helper computer literate food repacker,Production and Manufacturing,1
1st year college level production worker production worker food repacker,Production and Manufacturing,1
high school graduate truck driver driving car driver,General Services and Security,4
2nd year college level call center agent production worker call center agent production worker no experience,Sales/Service/Retail,2
1st year college level production worker computer literate security guard,Production and Manufacturing,1
college graduate cashier checker computer literate domestic chores customer service assistant,Sales/Service/Retail,2
college graduate office staff data encoding filing office clerk,Clerical and Administrative,3
high school graduate office clerk computer literate bookkeeping encoding office clerk,Clerical and Administrative,3
college graduate office clerk data encoding filing office staff,Clerical and Administrative,3
3rd year college level records officer ms office encoding office clerk,Clerical and Administrative,3
college graduate billing clerk ms word excel powerpoint office staff,Clerical and Administrative,3
high school graduate encoder typing encoding computer literate office clerk,Clerical and Administrative,3
2nd year college level administrative assistant customer service computer literate billing clerk,Clerical and Administrative,3
high school graduate encoder clerical work computer literate encoder,Clerical and Administrative,3
college graduate secretary typing administrative tasks records officer,Clerical and Administrative,3
college graduate records officer accounting computer literate no experience,Clerical and Administrative,3
college graduate office clerk encoding recording filing cashier clerk,Clerical and Administrative,3
college graduate office staff ms office bookkeeping encoding data encoder,Clerical and Administrative,3
college graduate secretary administrative tasks computer literate accounting staff,Clerical and Administrative,3
college graduate administrative assistant computer literate data encoder,Clerical and Administrative,3
2nd year college level office staff computer literate data encoder,Clerical and Administrative,3
college graduate cashier clerk encoding data management office clerk,Clerical and Administrative,3
2nd year college level data encoder encoding data management administrative aide,Clerical and Administrative,3
high school graduate encoder encoding filing computer literate accounts officer,Clerical and Administrative,3
college graduate bookkeeper typing encoding computer literate data encoder,Clerical and Administrative,3
high school graduate data encoder encoding data management data encoder,Clerical and Administrative,3
1st year college level accounting staff data encoding filing office staff,Clerical and Administrative,3
college graduate accounting staff encoding filing computer literate payroll assistant,Clerical and Administrative,3
college graduate administrative assistant typing encoding computer literate data encoder,Clerical and Administrative,3
college graduate secretary filing encoding customer service encoder,Clerical and Administrative,3
college graduate accounts officer ms word excel powerpoint payroll assistant,Clerical and Administrative,3
high school graduate office clerk typing administrative tasks office clerk,Clerical and Administrative,3
high school graduate administrative assistant accounting computer literate document controller,Clerical and Administrative,3
high school graduate secretary computer literate ms office records officer,Clerical and Administrative,3
college graduate secretary bookkeeping computer literate no experience,Clerical and Administrative,3
high school graduate billing clerk ms word excel powerpoint data encoder,Clerical and Administrative,3
grade xii for k to 12 encoder computer literate ms office data encoder,Clerical and Administrative,3
1st year college level office clerk computer literate ms office data encoder,Clerical and Administrative,3
high school graduate secretary filing encoding customer service data encoder,Clerical and Administrative,3
college graduate bookkeeper computer literate bookkeeping encoding secretary,Clerical and Administrative,3
1st year college level administrative assistant typing administrative tasks encoder,Clerical and Administrative,3
college graduate administrative assistant computer literate ms office office clerk,Clerical and Administrative,3
1st year college level accounts officer typing encoding computer literate accounting staff,Clerical and Administrative,3
college graduate office clerk data encoding filing office clerk,Clerical and Administrative,3
grade xii for k to 12 office clerk administrative tasks computer literate office staff,Clerical and Administrative,3
college graduate billing clerk filing encoding customer service records officer,Clerical and Administrative,3
college graduate cashier clerk ms office encoding data encoder,Clerical and Administrative,3
college graduate secretary filing encoding customer service administrative assistant,Clerical and Administrative,3
college graduate bookkeeper bookkeeping computer literate administrative aide,Clerical and Administrative,3
college graduate billing clerk data encoding filing records officer,Clerical and Administrative,3
college graduate administrative assistant typing administrative tasks secretary,Clerical and Administrative,3
1st year college level records officer bookkeeping computer literate office clerk,Clerical and Administrative,3
2nd year college level cashier clerk typing administrative tasks administrative aide,Clerical and Administrative,3
high school graduate office staff clerical work computer literate no experience,Clerical and Administrative,3
2nd year college level accounting staff data encoding filing office clerk,Clerical and Administrative,3
college graduate encoder encoding filing computer literate office clerk,Clerical and Administrative,3
1st year college level encoder filing encoding customer service no experience,Clerical and Administrative,3
college graduate bookkeeper typing administrative tasks office clerk,Clerical and Administrative,3
high school graduate data encoder encoding filing computer literate secretary,Clerical and Administrative,3
college graduate accounts officer encoding filing computer literate administrative aide,Clerical and Administrative,3
1st year college level accounting staff encoding recording filing secretary,Clerical and Administrative,3
college graduate office staff administrative tasks computer literate no experience,Clerical and Administrative,3
college graduate accounting staff customer service computer literate payroll assistant,Clerical and Administrative,3
1st year college level billing clerk typing encoding computer literate office clerk,Clerical and Administrative,3
college graduate accounting staff typing encoding computer literate records officer,Clerical and Administrative,3
college graduate office clerk ms office bookkeeping encoding accounting officer,Clerical and Administrative,3
college graduate billing clerk typing encoding computer literate accounting officer,Clerical and Administrative,3
college graduate data encoder ms office encoding accounting officer,Clerical and Administrative,3
2nd year college level data encoder typing encoding computer literate payroll assistant,Clerical and Administrative,3
college graduate bookkeeper ms office encoding payroll assistant,Clerical and Administrative,3
college graduate office clerk clerical work computer literate billing clerk,Clerical and Administrative,3
college graduate billing clerk encoding recording filing payroll assistant,Clerical and Administrative,3
college graduate secretary bookkeeping computer literate data encoder,Clerical and Administrative,3
college graduate administrative assistant administrative tasks computer literate billing clerk,Clerical and Administrative,3
college graduate office clerk computer literate data encoder,Clerical and Administrative,3
college graduate data encoder computer literate ms office secretary,Clerical and Administrative,3
1st year college level cashier clerk computer literate office staff,Clerical and Administrative,3
1st year college level encoder bookkeeping computer literate cashier clerk,Clerical and Administrative,3
2nd year college level encoder computer literate office clerk,Clerical and Administrative,3
college graduate bookkeeper computer literate accounting staff,Clerical and Administrative,3
college graduate records officer data encoding filing office clerk,Clerical and Administrative,3
1st year college level accounting staff customer service computer literate no experience,Clerical and Administrative,3
grade xii for k to 12 records officer typing administrative tasks records officer,Clerical and Administrative,3
college graduate accounts officer encoding filing computer literate office clerk,Clerical and Administrative,3
2nd year college level bookkeeper ms word excel powerpoint no experience,Clerical and Administrative,3
college graduate accounts officer filing encoding customer service administrative assistant,Clerical and Administrative,3
1st year college level secretary data encoding filing secretary,Clerical and Administrative,3
high school graduate administrative assistant data encoding filing data encoder,Clerical and Administrative,3
college graduate encoder bookkeeping computer literate records officer,Clerical and Administrative,3
2nd year college level service worker security guard training building attendant,General Services and Security,4
college graduate messenger lto licensed driver utility worker,General Services and Security,4
high school graduate building custodian maintenance cleaning security guard,General Services and Security,4
high school graduate guard maintenance cleaning utility worker,General Services and Security,4
2nd year college level service worker housekeeping security guard,General Services and Security,4
college graduate guard janitorial services janitor,General Services and Security,4
college graduate service worker cleaning maintenance utility worker,General Services and Security,4
4th year high school grade x for k to 12 janitor driving with license janitor,General Services and Security,4
college graduate janitor housekeeping building attendant,General Services and Security,4
4th year high school grade x for k to 12 service worker motorcycle driving light vehicle driver,General Services and Security,4
high school graduate utility worker driving maintenance company driver,General Services and Security,4
high school graduate security guard security security guard,General Services and Security,4
high school graduate maintenance staff security guard license driving janitress,General Services and Security,4
4th year high school grade x for k to 12 security guard facility maintenance cleaning housekeeper,General Services and Security,4
high school graduate janitress security guard license driving company driver,General Services and Security,4
2nd year college level utility worker driving maintenance driver,General Services and Security,4
college graduate janitress facility maintenance cleaning security guard,General Services and Security,4
4th year high school grade x for k to 12 building custodian security security guard,General Services and Security,4
high school graduate building custodian driving no experience,General Services and Security,4
college graduate company driver security security guard,General Services and Security,4
college graduate utility worker security guard license driving messenger,General Services and Security,4
4th year high school grade x for k to 12 housekeeping housekeeping building attendant,General Services and Security,4
2nd year college level janitress security guard license driving janitor,General Services and Security,4
high school graduate maintenance staff guarding security driver,General Services and Security,4
1st year college level security guard security guard training company driver,General Services and Security,4
high school graduate guard facility maintenance cleaning messenger,General Services and Security,4
1st year college level maintenance staff security security guard,General Services and Security,4
college graduate messenger driving company driver,General Services and Security,4
college graduate messenger cleaning housekeeping maintenance staff,General Services and Security,4
grade xii for k to 12 housekeeping cleaning maintenance security guard,General Services and Security,4
4th year high school grade x for k to 12 security guard cleaning housekeeping driver,General Services and Security,4
1st year college level janitor janitorial services driver,General Services and Security,4
4th year high school grade x for k to 12 company driver driving housekeeper,General Services and Security,4
high school graduate maintenance staff housekeeping security guard,General Services and Security,4
1st year college level company driver janitorial services security guard,General Services and Security,4
high school graduate security guard security guard license driving building attendant,General Services and Security,4
4th year high school grade x for k to 12 security guard cleaning maintenance janitor,General Services and Security,4
college graduate housekeeping security guard training driver,General Services and Security,4
vocational undergraduate messenger driving maintenance driver,General Services and Security,4
college graduate company driver security guard license driver,General Services and Security,4
high school graduate driver security guard training building attendant,General Services and Security,4
high school graduate company driver maintenance cleaning driver,General Services and Security,4
high school graduate housekeeping housekeeping utility worker,General Services and Security,4
college graduate service worker security company driver,General Services and Security,4
grade xii for k to 12 company driver driving with license security guard,General Services and Security,4
grade xii for k to 12 maintenance staff driving with license security guard,General Services and Security,4
college graduate building custodian driving with license security guard,General Services and Security,4
high school graduate maintenance staff security building attendant,General Services and Security,4
4th year high school grade x for k to 12 housekeeping cleaning housekeeping maintenance staff,General Services and Security,4
college graduate security guard maintenance cleaning utility worker,General Services and Security,4
college graduate messenger driving security guard,General Services and Security,4
college graduate utility worker security guard training security guard,General Services and Security,4
high school graduate messenger security guard license janitress,General Services and Security,4
high school graduate messenger driving maintenance security guard,General Services and Security,4
grade xii for k to 12 janitor guarding security security guard,General Services and Security,4
college graduate building custodian driving maintenance driver,General Services and Security,4
high school graduate service worker motorcycle driving light vehicle no experience,General Services and Security,4
high school graduate utility worker driving with license housekeeper,General Services and Security,4
high school graduate company driver driving auto mechanic janitress,General Services and Security,4
college graduate driver cleaning maintenance security guard,General Services and Security,4
high school graduate messenger motorcycle driving light vehicle driver,General Services and Security,4
college graduate guard maintenance cleaning security guard,General Services and Security,4
high school graduate driver heavy lifting company driver,General Services and Security,4
high school graduate housekeeping driving auto mechanic janitor,General Services and Security,4
college graduate guard guarding security company driver,General Services and Security,4
vocational undergraduate utility worker driving with license security guard,General Services and Security,4
high school graduate service worker cleaning housekeeping security guard,General Services and Security,4
college graduate company driver janitorial services driver,General Services and Security,4
2nd year college level maintenance staff security guard license utility worker,General Services and Security,4
college graduate housekeeping guarding security janitor,General Services and Security,4
college graduate service worker driving maintenance security guard,General Services and Security,4
college graduate maintenance staff security guard training janitor,General Services and Security,4
college graduate janitor maintenance cleaning messenger,General Services and Security,4
high school graduate janitress housekeeping driver,General Services and Security,4
college graduate utility worker driving company driver,General Services and Security,4
college graduate maintenance staff security guard training no experience,General Services and Security,4
vocational undergraduate janitor driving driver,General Services and Security,4
college graduate janitor lto licensed driver driver,General Services and Security,4
college graduate guard motorcycle driving light vehicle driver,General Services and Security,4
college graduate building custodian driving security guard,General Services and Security,4
4th year high school grade x for k to 12 housekeeping lto licensed driver driver,General Services and Security,4
1st year college level building custodian driving maintenance utility worker,General Services and Security,4
2nd year college level maintenance staff guarding security utility worker,General Services and Security,4
high school graduate security guard janitorial services utility worker,General Services and Security,4
college graduate guard maintenance cleaning utility worker,General Services and Security,4
college graduate security guard security guard training security guard,General Services and Security,4
college graduate driver maintenance cleaning security guard,General Services and Security,4
grade xii for k to 12 janitress maintenance cleaning security guard,General Services and Security,4
1st year college level service worker cleaning housekeeping utility worker,General Services and Security,4
college graduate company driver cleaning maintenance company driver,General Services and Security,4
grade xii for k to 12 utility worker motorcycle driving light vehicle housekeeper,General Services and Security,4
high school graduate messenger housekeeping company driver,General Services and Security,4
2nd year college level janitor facility maintenance cleaning utility worker,General Services and Security,4
high school graduate housekeeping housekeeping janitor,General Services and Security,4
college graduate service worker security guard training security guard,General Services and Security,4
2nd year college level maintenance staff security guard license driver,General Services and Security,4
high school graduate maintenance staff security guard license company driver,General Services and Security,4
4th year high school grade x for k to 12 guard driving auto mechanic maintenance staff,General Services and Security,4
vocational undergraduate utility worker janitorial services company driver,General Services and Security,4
high school graduate company driver heavy lifting driver,General Services and Security,4
high school graduate company driver security guard license building attendant,General Services and Security,4
college graduate building custodian maintenance cleaning security guard,General Services and Security,4
college graduate janitress driving maintenance security guard,General Services and Security,4
1st year college level driver security guard license housekeeper,General Services and Security,4
high school graduate janitor driving maintenance security guard,General Services and Security,4
high school graduate security guard heavy lifting janitress,General Services and Security,4
2nd year college level maintenance staff lto licensed driver janitor,General Services and Security,4
high school graduate service worker facility maintenance cleaning driver,General Services and Security,4
college graduate guard security guard license driver,General Services and Security,4
college graduate maintenance staff driving with license janitor,General Services and Security,4
college graduate maintenance staff janitorial services company driver,General Services and Security,4
college graduate security guard driving janitress,General Services and Security,4
grade xii for k to 12 service worker security guard license security guard,General Services and Security,4
high school graduate driver lto licensed driver building attendant,General Services and Security,4
college graduate janitress driving auto mechanic security guard,General Services and Security,4
high school graduate messenger housekeeping security guard,General Services and Security,4
2nd year college level housekeeping heavy lifting utility worker,General Services and Security,4
3rd year high school grade ix for k to 12 company driver janitorial services security guard,General Services and Security,4
college graduate security guard facility maintenance cleaning security guard,General Services and Security,4
college graduate security guard security guard license driving security guard,General Services and Security,4
